song title,artist,"image, label",number of listens,product,avg productivity score per listen,x-value,y-value,description
Euphoria,Polyphia,https://www.theprp.com/wp-content/uploads/2016/02/polyphiarenaissance.jpg,3,15,5,50,30,"ğŸ’¿ Song Title: Euphoria
ğŸ¤ Artist: Polyphia
ğŸ“: (5,3)"
40oz,Polyphia,https://th.bing.com/th/id/OIP.4FnTznLVIcISFvKDLGAWsgHaHa?rs=1&pid=ImgDetMain,3,15,5,50,30,"ğŸ’¿ Song Title: 40oz
ğŸ¤ Artist: Polyphia
ğŸ“: (5,3)"
Strawberry,Snail's House,https://i.ytimg.com/vi/uDOunE1tJiA/maxresdefault.jpg?sqp=-oaymwEmCIAKENAF8quKqQMa8AEB-AHUBoAC4AOKAgwIABABGGUgSihhMA8=&rs=AOn4CLBgaQUpA4f5Q5Ibh-ci1Xn0sylOUg,4,18,4.5,45,40,"ğŸ’¿ Song Title: Strawberry
ğŸ¤ Artist: Snail's House
ğŸ“: (4.5,4)"
Good as Hell,Lizzo & Ariana Grande,https://is1-ssl.mzstatic.com/image/thumb/Music124/v4/bf/ce/0a/bfce0a2a-8025-9f25-0d18-e9f77c964d4e/075679833518.jpg/1200x1200bf-60.jpg,1,5,5,50,10,"ğŸ’¿ Song Title: Good as Hell
ğŸ¤ Artist: Lizzo & Ariana Grande
ğŸ“: (5,1)"
About Damn Time,Lizzo,https://th.bing.com/th/id/OIP.6nogIrW9Q5W1lZ2v-oAbJAHaHa?rs=1&pid=ImgDetMain,2,8,4,40,20,"ğŸ’¿ Song Title: About Damn Time
ğŸ¤ Artist: Lizzo
ğŸ“: (4,2)"
Truth Hurts,Lizzo,https://th.bing.com/th/id/OIP.6gZLoSJiUD6dqxtYv82VewHaHa?rs=1&pid=ImgDetMain,1,5,5,50,10,"ğŸ’¿ Song Title: Truth Hurts
ğŸ¤ Artist: Lizzo
ğŸ“: (5,1)"
Don't Lose Sight,Lawrence,https://www.crownnote.com/sites/default/files/dont_lose_sight_singlecover_0.jpg,3,12,4,40,30,"ğŸ’¿ Song Title: Don't Lose Sight
ğŸ¤ Artist: Lawrence
ğŸ“: (4,3)"
Birthday,Katy Perry,https://img.discogs.com/xNJ1v2UkjK6I-Eqo30qsYNwTybg=/fit-in/583x600/filters:strip_icc():format(jpeg):mode_rgb():quality(90)/discogs-images/R-6155047-1412544929-2992.jpeg.jpg,2,9,4.5,45,20,"ğŸ’¿ Song Title: Birthday
ğŸ¤ Artist: Katy Perry
ğŸ“: (4.5,2)"
22,Taylor Swift,https://images-na.ssl-images-amazon.com/images/I/51nN1WE9iSL.jpg,2,9,4.5,45,20,"ğŸ’¿ Song Title: 22
ğŸ¤ Artist: Taylor Swift
ğŸ“: (4.5,2)"
Roar,Katy Perry,https://th.bing.com/th/id/OIP.dDLCn5Bn-u9X-p4sxbSJpwHaHa?rs=1&pid=ImgDetMain,1,5,5,50,10,"ğŸ’¿ Song Title: Roar
ğŸ¤ Artist: Katy Perry
ğŸ“: (5,1)"
Shut Up and Dance,WALK THE MOON,https://images.genius.com/ea0184ec9b8305c6296703b2db440a61.1000x1000x1.jpg,1,5,5,50,10,"ğŸ’¿ Song Title: Shut Up and Dance
ğŸ¤ Artist: WALK THE MOON
ğŸ“: (5,1)"
Your Love Is My Drug,Kesha,https://th.bing.com/th/id/OIP.ydxDWU-HXEBwAijxsYz1CAHaHa?rs=1&pid=ImgDetMain,5,21,4.2,42,50,"ğŸ’¿ Song Title: Your Love Is My Drug
ğŸ¤ Artist: Kesha
ğŸ“: (4.2,5)"
Party In The U.S.A.,Miley Cyrus,https://images.genius.com/8ec869ab3b6ee89e16b1f750fcc1a95c.900x900x1.jpg,1,5,5,50,10,"ğŸ’¿ Song Title: Party In The U.S.A.
ğŸ¤ Artist: Miley Cyrus
ğŸ“: (5,1)"
Shape of You,Ed Sheeran,https://i.scdn.co/image/621d2909bcc2c26cd0b274aab0414c9d422a1576,1,5,5,50,10,"ğŸ’¿ Song Title: Shape of You
ğŸ¤ Artist: Ed Sheeran
ğŸ“: (5,1)"
NO,Meghan Trainor,https://th.bing.com/th/id/OIP.12Dl1pixKZWKOyPGvIoEfAHaHa?rs=1&pid=ImgDetMain,1,5,5,50,10,"ğŸ’¿ Song Title: NO
ğŸ¤ Artist: Meghan Trainor
ğŸ“: (5,1)"
Dynamite,Taio Cruz,https://th.bing.com/th/id/R.05570c879ad18c1debd3a850810381ae?rik=0qZe6A9lOxUdUQ&riu=http%3a%2f%2f4.bp.blogspot.com%2f_mupIVJbjvuU%2fTHwXhdUUjHI%2fAAAAAAAAGWM%2flSkv1gYwBlg%2fs1600%2fDYNT.jpg&ehk=TwtkGMAIgKIapRzTmBx0AMLDfkT9D76QR1pBkl7yOW4%3d&risl=&pid=ImgRaw&r=0,1,5,5,50,10,"ğŸ’¿ Song Title: Dynamite
ğŸ¤ Artist: Taio Cruz
ğŸ“: (5,1)"
Lucky Strike,Maroon 5,https://img.discogs.com/vWR3IgAcWfB64SW7Nl2wKLaTM1g=/fit-in/300x300/filters:strip_icc():format(jpeg):mode_rgb():quality(40)/discogs-images/R-6116693-1411502503-2417.jpeg.jpg,1,5,5,50,10,"ğŸ’¿ Song Title: Lucky Strike
ğŸ¤ Artist: Maroon 5
ğŸ“: (5,1)"
Unwritten,Natasha Bedingfield,https://img.discogs.com/GU2ql_gQcDXRpqNMlZYprO-zkJs=/fit-in/600x581/filters:strip_icc():format(jpeg):mode_rgb():quality(90)/discogs-images/R-8125194-1477584092-3389.jpeg.jpg,3,14,4.666666667,46.66666667,30,"ğŸ’¿ Song Title: Unwritten
ğŸ¤ Artist: Natasha Bedingfield
ğŸ“: (4.66666666666667,3)"
All About That Bass,Meghan Trainor,https://api.time.com/wp-content/uploads/2015/01/meghan-trainor-title-cover.jpg?quality=85&w=600,1,5,5,50,10,"ğŸ’¿ Song Title: All About That Bass
ğŸ¤ Artist: Meghan Trainor
ğŸ“: (5,1)"
New Rules,Dua Lipa,https://iscale.iheart.com/catalog/album/52056866,1,5,5,50,10,"ğŸ’¿ Song Title: New Rules
ğŸ¤ Artist: Dua Lipa
ğŸ“: (5,1)"
Problem,Ariana Grande,https://i.pinimg.com/736x/72/7e/29/727e29a467824c29a73e66006f2b7afd.jpg,1,5,5,50,10,"ğŸ’¿ Song Title: Problem
ğŸ¤ Artist: Ariana Grande
ğŸ“: (5,1)"
This Is What You Came For,Calvin Harris,https://is1-ssl.mzstatic.com/image/thumb/Music125/v4/59/57/a6/5957a66e-fb10-4065-5739-7c54236339e4/886445857290.jpg/1200x1200bf-60.jpg,1,5,5,50,10,"ğŸ’¿ Song Title: This Is What You Came For
ğŸ¤ Artist: Calvin Harris
ğŸ“: (5,1)"
Me Too,Meghan Trainor,https://th.bing.com/th/id/R.658d66cfa5399dc58cec9d5a9474cc19?rik=ImEzEXLZtE8ptA&riu=http%3a%2f%2fimages6.fanpop.com%2fimage%2fphotos%2f43300000%2fMe-Too-meghan-trainor-43319143-750-750.jpg&ehk=LhrVA3d1Vt9IwM9sqvpZl6TVR1q%2fZJjP9z7VfDvv0jk%3d&risl=&pid=ImgRaw&r=0,1,5,5,50,10,"ğŸ’¿ Song Title: Me Too
ğŸ¤ Artist: Meghan Trainor
ğŸ“: (5,1)"
Beautiful Mistakes,Maroon 5,https://th.bing.com/th/id/OIP.0_km4l9PdUdW8LzZZAj9jgHaHc?rs=1&pid=ImgDetMain,1,5,5,50,10,"ğŸ’¿ Song Title: Beautiful Mistakes
ğŸ¤ Artist: Maroon 5
ğŸ“: (5,1)"
Strip That Down,Liam Payne,https://www.mjsbigblog.com/wp-content/uploads/2017/05/Liam-Payne-Strip-That-Down.jpg,1,5,5,50,10,"ğŸ’¿ Song Title: Strip That Down
ğŸ¤ Artist: Liam Payne
ğŸ“: (5,1)"
Just the Way You Are,Bruno Mars,https://i.pinimg.com/originals/3c/d8/17/3cd81799b78a444f990ef2ca4e94fd67.png,1,5,5,50,10,"ğŸ’¿ Song Title: Just the Way You Are
ğŸ¤ Artist: Bruno Mars
ğŸ“: (5,1)"
Single Ladies (Put a Ring on It),BeyoncÃ©,https://th.bing.com/th/id/R.0d476bfe53f8e52301a00af1943accb4?rik=YGFEOniZXfsl9A&pid=ImgRaw&r=0&sres=1&sresct=1,1,5,5,50,10,"ğŸ’¿ Song Title: Single Ladies (Put a Ring on It)
ğŸ¤ Artist: BeyoncÃ©
ğŸ“: (5,1)"
Levitating,Dua Lipa,https://th.bing.com/th/id/OIP.UsNg_FN0zWYvMJTAsVwz6wHaHa?rs=1&pid=ImgDetMain,1,5,5,50,10,"ğŸ’¿ Song Title: Levitating
ğŸ¤ Artist: Dua Lipa
ğŸ“: (5,1)"
Lips Are Movin,Meghan Trainor,https://th.bing.com/th/id/OIP.CbYDto7havUaY2RDnUIPhAHaHa?rs=1&pid=ImgDetMain,1,5,5,50,10,"ğŸ’¿ Song Title: Lips Are Movin
ğŸ¤ Artist: Meghan Trainor
ğŸ“: (5,1)"
One More Night,Maroon 5,https://img.discogs.com/pTp2vtCjkOdic_pKQEV1ZH7S4_M=/fit-in/300x300/filters:strip_icc():format(jpeg):mode_rgb():quality(40)/discogs-images/R-3685161-1340297917-2196.jpeg.jpg,1,5,5,50,10,"ğŸ’¿ Song Title: One More Night
ğŸ¤ Artist: Maroon 5
ğŸ“: (5,1)"
Whatcha Say,Jason Derulo,https://th.bing.com/th/id/R.fefcda4a3bf5ed97e67e2adc30ad3d37?rik=FTMDythJ%2b36VaA&riu=http%3a%2f%2f1.bp.blogspot.com%2f_ulzYWa0N0qY%2fTD2G7eSMCfI%2fAAAAAAAAAE4%2fDhvz_AIy3NA%2fs1600%2fJD_Cover_Final.jpg_cmyk.jpg&ehk=hBmDJwittaTmlR2gcqLS3aQ%2bVLFWNDql6PSzvHuEwHc%3d&risl=&pid=ImgRaw&r=0,5,22,4.4,44,50,"ğŸ’¿ Song Title: Whatcha Say
ğŸ¤ Artist: Jason Derulo
ğŸ“: (4.4,5)"
Rockstar,LISA,https://upload.wikimedia.org/wikipedia/en/thumb/5/5c/Lisa_-_Rockstar.png/220px-Lisa_-_Rockstar.png,3,15,5,50,30,"ğŸ’¿ Song Title: Rockstar
ğŸ¤ Artist: LISA
ğŸ“: (5,3)"
Bang Bang,Ariana Grande,"https://images-wixmp-ed30a86b8c4ca887773594c2.wixmp.com/f/69416b50-5aaa-490d-8da7-682b35321b11/dcvham4-cc1adeb5-4b66-4cee-b031-43175abc01a2.jpg/v1/fill/w_1280,h_1280,q_75,strp/jessie_j__ariana_grande__nicki_minaj__bang_bang__by_areumdawokpop_dcvham4-fullview.jpg?token=eyJ0eXAiOiJKV1QiLCJhbGciOiJIUzI1NiJ9.eyJzdWIiOiJ1cm46YXBwOjdlMGQxODg5ODIyNjQzNzNhNWYwZDQxNWVhMGQyNmUwIiwiaXNzIjoidXJuOmFwcDo3ZTBkMTg4OTgyMjY0MzczYTVmMGQ0MTVlYTBkMjZlMCIsIm9iaiI6W1t7ImhlaWdodCI6Ijw9MTI4MCIsInBhdGgiOiJcL2ZcLzY5NDE2YjUwLTVhYWEtNDkwZC04ZGE3LTY4MmIzNTMyMWIxMVwvZGN2aGFtNC1jYzFhZGViNS00YjY2LTRjZWUtYjAzMS00MzE3NWFiYzAxYTIuanBnIiwid2lkdGgiOiI8PTEyODAifV1dLCJhdWQiOlsidXJuOnNlcnZpY2U6aW1hZ2Uub3BlcmF0aW9ucyJdfQ.F0vMTwrgP6TBeUpt1RtafSCQSvdHX2Nq0jvFCuHRlHM",4,15,3.75,37.5,40,"ğŸ’¿ Song Title: Bang Bang
ğŸ¤ Artist: Ariana Grande
ğŸ“: (3.75,4)"
Promiscuous,Nelly Furtado,https://img.discogs.com/w7LCX6cUq8UkejofY1-HPTMwdM0=/fit-in/300x300/filters:strip_icc():format(jpeg):mode_rgb():quality(40)/discogs-images/R-786645-1296407576.jpeg.jpg,4,15,3.75,37.5,40,"ğŸ’¿ Song Title: Promiscuous
ğŸ¤ Artist: Nelly Furtado
ğŸ“: (3.75,4)"
That's What I Like,Bruno Mars,https://images.genius.com/8ceed6dd50d394c19963307b3c63a66e.1000x1000x1.jpg,4,15,3.75,37.5,40,"ğŸ’¿ Song Title: That's What I Like
ğŸ¤ Artist: Bruno Mars
ğŸ“: (3.75,4)"
Can't Sleep Love,Pentatonix,https://th.bing.com/th/id/OIP.tuJzSdpqnF9LrtyrqNxvfwAAAA?rs=1&pid=ImgDetMain,9,46,5.111111111,51.11111111,90,"ğŸ’¿ Song Title: Can't Sleep Love
ğŸ¤ Artist: Pentatonix
ğŸ“: (5.11111111111111,9)"
Beauty And A Beat,Justin Bieber,https://m.media-amazon.com/images/I/81RkvGf0ZtL._SS500_.jpg,2,9,4.5,45,20,"ğŸ’¿ Song Title: Beauty And A Beat
ğŸ¤ Artist: Justin Bieber
ğŸ“: (4.5,2)"
Last Friday Night (T.G.I.F.),Katy Perry,https://th.bing.com/th/id/R.29ad4f699f1990a6291e850583a8dd91?rik=tYsPBvr6JzqwmA&riu=http%3a%2f%2fimages.genius.com%2f21052a865b1ab57d6b0429f1f1fe2b8e.1000x1000x1.jpg&ehk=OTu7462rEAuAPVPA1vZlci1zrwZS%2bJaY1NkkNptjiPw%3d&risl=&pid=ImgRaw&r=0,2,9,4.5,45,20,"ğŸ’¿ Song Title: Last Friday Night (T.G.I.F.)
ğŸ¤ Artist: Katy Perry
ğŸ“: (4.5,2)"
Price Tag,Jessie J,https://th.bing.com/th/id/R.da3afeb2e58c0ced2c2898aae6274bcb?rik=DzkJqBE3WSZH1Q&riu=http%3a%2f%2fstatic.idolator.com%2fuploads%2f2011%2f01%2fJessie-J-Who-You-Are.jpg&ehk=MqrFdl7BQjJBBDnwRKR1gTzGjEOO1osBc5%2fmCdW0ex8%3d&risl=&pid=ImgRaw&r=0,3,13,4.333333333,43.33333333,30,"ğŸ’¿ Song Title: Price Tag
ğŸ¤ Artist: Jessie J
ğŸ“: (4.33333333333333,3)"
24K Magic,Bruno Mars,https://th.bing.com/th/id/OIP.1wK1pEVy6GtWxUrPVkrFMwHaHa?rs=1&pid=ImgDetMain,2,8,4,40,20,"ğŸ’¿ Song Title: 24K Magic
ğŸ¤ Artist: Bruno Mars
ğŸ“: (4,2)"
Uptown Funk,Mark Ronson,https://th.bing.com/th/id/R.15bb5375ed9feb2f2bfdbdb5abf26640?rik=jy3eolRM5dvBFA&pid=ImgRaw&r=0,2,9,4.5,45,20,"ğŸ’¿ Song Title: Uptown Funk
ğŸ¤ Artist: Mark Ronson
ğŸ“: (4.5,2)"
Love On Top,BeyoncÃ©,https://th.bing.com/th/id/OIP.iEg0YyvZauCRxWgLmxrKnQAAAA?rs=1&pid=ImgDetMain,2,11,5.5,55,20,"ğŸ’¿ Song Title: Love On Top
ğŸ¤ Artist: BeyoncÃ©
ğŸ“: (5.5,2)"
Thrift Shop (feat. Wanz),Macklemore,https://img.discogs.com/96ALtBOtvHXZKvYXDouQ0NImUo4=/fit-in/600x600/filters:strip_icc():format(jpeg):mode_rgb():quality(90)/discogs-images/R-10322996-1495311812-9570.jpeg.jpg,2,9,4.5,45,20,"ğŸ’¿ Song Title: Thrift Shop (feat. Wanz)
ğŸ¤ Artist: Macklemore
ğŸ“: (4.5,2)"
When you wish upon a star | Cellist Hee-Young Lim,The Disney Studio Orchestra,https://i.pinimg.com/736x/3b/bd/64/3bbd64e531ebd39af08b67068a1b4522--stars.jpg,6,18,3,30,60,"ğŸ’¿ Song Title: When you wish upon a star | Cellist Hee-Young Lim
ğŸ¤ Artist: The Disney Studio Orchestra
ğŸ“: (3,6)"
Boo's Going Home,Randy Newman,https://i.scdn.co/image/ab67616d0000b273ba7c9946402feb80e664a9aa,1,3,3,30,10,"ğŸ’¿ Song Title: Boo's Going Home
ğŸ¤ Artist: Randy Newman
ğŸ“: (3,1)"
"The Scare Games (From ""Monsters University""/Score)",Randy Newman,https://th.bing.com/th/id/OIP.3PUZ_lgUun6eJFL1GZtWqgAAAA?rs=1&pid=ImgDetMain,1,3,3,30,10,"ğŸ’¿ Song Title: The Scare Games (From ""Monsters University""/Score)
ğŸ¤ Artist: Randy Newman
ğŸ“: (3,1)"
"Monsters, Inc.",Randy Newman,https://i.scdn.co/image/ab67616d0000b273ba7c9946402feb80e664a9aa,1,3,3,30,10,"ğŸ’¿ Song Title: Monsters, Inc.
ğŸ¤ Artist: Randy Newman
ğŸ“: (3,1)"
Alaska,Maggie Rogers,https://th.bing.com/th/id/OIP.KtHp2G-FQgMiWox1l7Na8gHaHa?rs=1&pid=ImgDetMain,3,16,5.333333333,53.33333333,30,"ğŸ’¿ Song Title: Alaska
ğŸ¤ Artist: Maggie Rogers
ğŸ“: (5.33333333333333,3)"
Cake By The Ocean,DNCE,https://secretfangirls.files.wordpress.com/2015/09/dnce-cake-by-the-ocean-2015.png,1,3,3,30,10,"ğŸ’¿ Song Title: Cake By The Ocean
ğŸ¤ Artist: DNCE
ğŸ“: (3,1)"
Lean On,Major Lazer,https://images.rapgenius.com/505685ff04b726c485bdbb1dc270b7ea.1000x1000x1.png,1,3,3,30,10,"ğŸ’¿ Song Title: Lean On
ğŸ¤ Artist: Major Lazer
ğŸ“: (3,1)"
Sugar,Maroon 5,https://img.discogs.com/octh4BTpsKiT-WvRQ6gVlnRJHM4=/fit-in/600x600/filters:strip_icc():format(jpeg):mode_rgb():quality(90)/discogs-images/R-11098799-1509825632-8385.jpeg.jpg,2,7,3.5,35,20,"ğŸ’¿ Song Title: Sugar
ğŸ¤ Artist: Maroon 5
ğŸ“: (3.5,2)"
Only Human,Jonas Brothers,https://images.genius.com/6fb9a5895efa09cca8db06547f2b2218.1000x1000x1.png,1,3,3,30,10,"ğŸ’¿ Song Title: Only Human
ğŸ¤ Artist: Jonas Brothers
ğŸ“: (3,1)"
23,Lawrence,https://images.genius.com/3b9bab56fa6a4b388b8cee449df7f74e.264x264x1.jpg,2,9,4.5,45,20,"ğŸ’¿ Song Title: 23
ğŸ¤ Artist: Lawrence
ğŸ“: (4.5,2)"
Dear Future Husband,Meghan Trainor,https://img.discogs.com/NejnFIFQuZdlQLG3G-H3GQihtgs=/fit-in/500x435/filters:strip_icc():format(jpeg):mode_rgb():quality(90)/discogs-images/R-7194634-1435858242-6714.jpeg.jpg,1,3,3,30,10,"ğŸ’¿ Song Title: Dear Future Husband
ğŸ¤ Artist: Meghan Trainor
ğŸ“: (3,1)"
Please Me,Cardi B,https://th.bing.com/th/id/OIP.nAj-xQy7J_vgEEStQL5vQwAAAA?rs=1&pid=ImgDetMain,1,3,3,30,10,"ğŸ’¿ Song Title: Please Me
ğŸ¤ Artist: Cardi B
ğŸ“: (3,1)"
"Happy (From ""Despicable Me 2"")",Pharrell Williams,https://i.scdn.co/image/6703af07b93df3e74c3f5227b09dac9e06957b49,1,3,3,30,10,"ğŸ’¿ Song Title: Happy (From ""Despicable Me 2"")
ğŸ¤ Artist: Pharrell Williams
ğŸ“: (3,1)"
Casualty (acoustic-ish),Lawrence,https://m.media-amazon.com/images/I/51kAXClvmkL.jpg,1,3,3,30,10,"ğŸ’¿ Song Title: Casualty (acoustic-ish)
ğŸ¤ Artist: Lawrence
ğŸ“: (3,1)"
Don't Start Now,Dua Lipa,https://i0.wp.com/abitofpopmusic.com/wp-content/uploads/2019/10/dua-lipa-dont-start-now.jpg?resize=1024%2C1024&ssl=1,1,3,3,30,10,"ğŸ’¿ Song Title: Don't Start Now
ğŸ¤ Artist: Dua Lipa
ğŸ“: (3,1)"
Cold Water,Major Lazer & Justin Bieber,https://images.genius.com/fcbb9f99e72af79537b124f0fc4084d0.1000x1000x1.jpg,2,7,3.5,35,20,"ğŸ’¿ Song Title: Cold Water
ğŸ¤ Artist: Major Lazer & Justin Bieber
ğŸ“: (3.5,2)"
More,Lizzo,https://theartsdesk.com/sites/default/files/styles/mast_image_landscape/public/mastimages/atlantic-lp-lizzo-special-purple-vinyl.jpg?itok=-qySuhmn,3,13,4.333333333,43.33333333,30,"ğŸ’¿ Song Title: More
ğŸ¤ Artist: Lizzo
ğŸ“: (4.33333333333333,3)"
"Moves Like Jagger (Studio Recording From ""The Voice"" Performance)",Maroon 5,https://th.bing.com/th/id/OIP.zn3WlK9gORhtWLNUAUvufAHaHa?rs=1&pid=ImgDetMain,1,3,3,30,10,"ğŸ’¿ Song Title: Moves Like Jagger (Studio Recording From ""The Voice"" Performance)
ğŸ¤ Artist: Maroon 5
ğŸ“: (3,1)"
The Lazy Song,Bruno Mars,https://img.discogs.com/0NHah0G5bVr-gWqqNKbA4Cf_Cmk=/fit-in/600x527/filters:strip_icc():format(jpeg):mode_rgb():quality(90)/discogs-images/R-2903876-1306524993.jpeg.jpg,1,3,3,30,10,"ğŸ’¿ Song Title: The Lazy Song
ğŸ¤ Artist: Bruno Mars
ğŸ“: (3,1)"
SeÃ±orita,Shawn Mendes,https://th.bing.com/th/id/OIP.lOyA29KwRLDBEyBzqab9sQHaHa?rs=1&pid=ImgDetMain,1,3,3,30,10,"ğŸ’¿ Song Title: SeÃ±orita
ğŸ¤ Artist: Shawn Mendes
ğŸ“: (3,1)"
Feather,Sabrina Carpenter,https://target.scene7.com/is/image/Target/GUEST_699f9815-5d4b-47dd-b7dd-61b329045158?wid=626&hei=626&qlt=80&fmt=pjpeg,1,3,3,30,10,"ğŸ’¿ Song Title: Feather
ğŸ¤ Artist: Sabrina Carpenter
ğŸ“: (3,1)"
High Hopes,Panic! At The Disco,https://th.bing.com/th/id/OIP.EdSn4qzpr4aomL2LfotOvAAAAA?rs=1&pid=ImgDetMain,2,8,4,40,20,"ğŸ’¿ Song Title: High Hopes
ğŸ¤ Artist: Panic! At The Disco
ğŸ“: (4,2)"
Jealous,Nick Jonas,https://th.bing.com/th/id/R.51ff5e9294dfc82c77fcb2759f843fa8?rik=XIiZc5xKBwZwHA&pid=ImgRaw&r=0,4,17,4.25,42.5,40,"ğŸ’¿ Song Title: Jealous
ğŸ¤ Artist: Nick Jonas
ğŸ“: (4.25,4)"
Forget You,CeeLo Green,https://th.bing.com/th/id/OIP.QyEjV3pwkico1C5lNQNQyQHaHW?rs=1&pid=ImgDetMain,3,13,4.333333333,43.33333333,30,"ğŸ’¿ Song Title: Forget You
ğŸ¤ Artist: CeeLo Green
ğŸ“: (4.33333333333333,3)"
Freckles (acoustic-ish),Lawrence,https://th.bing.com/th/id/OIP.X5JQ0Oo9_DwbHPcVo3ORwgAAAA?rs=1&pid=ImgDetMain,1,3,3,30,10,"ğŸ’¿ Song Title: Freckles (acoustic-ish)
ğŸ¤ Artist: Lawrence
ğŸ“: (3,1)"
It's a Beautiful Day,Michael BublÃ©,https://th.bing.com/th/id/OIP.5zhjhc27ue4rwYOjZjb2NQHaHa?rs=1&pid=ImgDetMain,1,3,3,30,10,"ğŸ’¿ Song Title: It's a Beautiful Day
ğŸ¤ Artist: Michael BublÃ©
ğŸ“: (3,1)"
I'm Yours,Jason Mraz,https://images.genius.com/e2edbf184958a0030845a25411b37517.1000x1000x1.jpg,1,3,3,30,10,"ğŸ’¿ Song Title: I'm Yours
ğŸ¤ Artist: Jason Mraz
ğŸ“: (3,1)"
Livin' On A Prayer,Bon Jovi,https://th.bing.com/th/id/R.99eea20cd93f45b4b07e8d4aae23b04a?rik=ax1DewKtNArz8w&pid=ImgRaw&r=0,1,8,8,80,10,"ğŸ’¿ Song Title: Livin' On A Prayer
ğŸ¤ Artist: Bon Jovi
ğŸ“: (8,1)"
In The Stars,Benson Boone,https://th.bing.com/th/id/OIP.k0avT6H7n5eZw7JL9jfZ3wHaHa?rs=1&pid=ImgDetMain,1,8,8,80,10,"ğŸ’¿ Song Title: In The Stars
ğŸ¤ Artist: Benson Boone
ğŸ“: (8,1)"
Sunset (feat. Cory Wong & Plini),Tim Henson,https://th.bing.com/th/id/OIP.Stzp7zQ7Zi3gvh5uapcfegHaEK?rs=1&pid=ImgDetMain,2,12,6,60,20,"ğŸ’¿ Song Title: Sunset (feat. Cory Wong & Plini)
ğŸ¤ Artist: Tim Henson
ğŸ“: (6,2)"
Dancing With Your Ghost,Sasha Alex Sloan,https://th.bing.com/th/id/OIP.EymRSskmeM0JU0teTPuP_AHaHa?rs=1&pid=ImgDetMain,1,8,8,80,10,"ğŸ’¿ Song Title: Dancing With Your Ghost
ğŸ¤ Artist: Sasha Alex Sloan
ğŸ“: (8,1)"
Glitter,BENEE,https://th.bing.com/th/id/OIP.TV1kRWOXs_JBIw5QSjVYrwAAAA?rs=1&pid=ImgDetMain,1,8,8,80,10,"ğŸ’¿ Song Title: Glitter
ğŸ¤ Artist: BENEE
ğŸ“: (8,1)"
Ophelia,The Lumineers,https://albumart.publicradio.org/mb/3a/3afcf111-fc5d-4b7c-9712-55d225f4b2eb_96af.jpg,1,8,8,80,10,"ğŸ’¿ Song Title: Ophelia
ğŸ¤ Artist: The Lumineers
ğŸ“: (8,1)"
Sing,Pentatonix,https://vignette.wikia.nocookie.net/thepentatonix/images/7/7b/Pentatonix.jpg/revision/latest?cb=20160723040946,2,13,6.5,65,20,"ğŸ’¿ Song Title: Sing
ğŸ¤ Artist: Pentatonix
ğŸ“: (6.5,2)"
Take You Dancing,Jason Derulo,https://mphiphop.com/wp-content/uploads/2020/08/Jason-Derulo-Take-You-Dancing-R3HAB-Remix.jpg,1,5,5,50,10,"ğŸ’¿ Song Title: Take You Dancing
ğŸ¤ Artist: Jason Derulo
ğŸ“: (5,1)"
Misbehavin',Pentatonix,https://vignette.wikia.nocookie.net/thepentatonix/images/7/7b/Pentatonix.jpg/revision/latest?cb=20160723040946,1,5,5,50,10,"ğŸ’¿ Song Title: Misbehavin'
ğŸ¤ Artist: Pentatonix
ğŸ“: (5,1)"
Na Na Na,Pentatonix,https://vignette.wikia.nocookie.net/thepentatonix/images/7/7b/Pentatonix.jpg/revision/latest?cb=20160723040946,1,5,5,50,10,"ğŸ’¿ Song Title: Na Na Na
ğŸ¤ Artist: Pentatonix
ğŸ“: (5,1)"
Don't You Worry 'Bout A Thing,Tori Kelly,https://th.bing.com/th/id/OIP.LlLLTlq9q5fmfTlamZUx3wHaHa?rs=1&pid=ImgDetMain,1,5,5,50,10,"ğŸ’¿ Song Title: Don't You Worry 'Bout A Thing
ğŸ¤ Artist: Tori Kelly
ğŸ“: (5,1)"
Classic,MKTO,https://th.bing.com/th/id/R.6a465606bb38bb2a9163e99ce60cfc9e?rik=h2S2McFVfBW7Gg&riu=http%3a%2f%2fwww.noise11.com%2fwp%2fwp-content%2fuploads%2f2014%2f02%2fMKTO.jpg&ehk=crwJhoIq%2bMB%2frruf7otbbPv4GTgmdUvWnI%2fbhxBC0ls%3d&risl=&pid=ImgRaw&r=0,1,5,5,50,10,"ğŸ’¿ Song Title: Classic
ğŸ¤ Artist: MKTO
ğŸ“: (5,1)"
Death of a Bachelor,Panic! At The Disco,https://th.bing.com/th/id/R.2b07b905967ffa4078e7130cb1aaba7c?rik=sBlINhNuXmBH2A&riu=http%3a%2f%2fnew-transcendence.com%2fwp-content%2fuploads%2f2016%2f01%2fPATD_Cover_FINAL_Death_of_a_Bachelor.jpg&ehk=SDG1eJ%2bjLWCtmb6CiFZyMfv1LRAuvvIoZrGhtHVCbwY%3d&risl=&pid=ImgRaw&r=0,1,5,5,50,10,"ğŸ’¿ Song Title: Death of a Bachelor
ğŸ¤ Artist: Panic! At The Disco
ğŸ“: (5,1)"
Please Please Please,Sabrina Carpenter,https://th.bing.com/th/id/OIP.9_Jz_zctOmss-80b90YLQwHaHa?rs=1&pid=ImgDetMain,1,5,5,50,10,"ğŸ’¿ Song Title: Please Please Please
ğŸ¤ Artist: Sabrina Carpenter
ğŸ“: (5,1)"
Numb Little Bug,Em Beihold,https://th.bing.com/th/id/R.5deb78ff34a29b341aeb5681fdba99a8?rik=kAUxaI81CnwnFQ&pid=ImgRaw&r=0,1,5,5,50,10,"ğŸ’¿ Song Title: Numb Little Bug
ğŸ¤ Artist: Em Beihold
ğŸ“: (5,1)"
La Da Dee,Cody Simpson,https://th.bing.com/th/id/OIP.1qSz23K_wlPU09EUVVg5bwHaHa?rs=1&pid=ImgDetMain,1,5,5,50,10,"ğŸ’¿ Song Title: La Da Dee
ğŸ¤ Artist: Cody Simpson
ğŸ“: (5,1)"
Checklist (feat. Chromeo),MAX,https://linkstorage.linkfire.com/medialinks/images/eafe64aa-59ac-436d-a3ef-7b1583dcae89/artwork-440x440.jpg,1,5,5,50,10,"ğŸ’¿ Song Title: Checklist (feat. Chromeo)
ğŸ¤ Artist: MAX
ğŸ“: (5,1)"
Anti-Hero,Taylor Swift,https://albumart.publicradio.org/mb/0d/0dcc84fb-c592-46e9-ba92-a52bb44dd553_2dfe.jpg,1,5,5,50,10,"ğŸ’¿ Song Title: Anti-Hero
ğŸ¤ Artist: Taylor Swift
ğŸ“: (5,1)"
Nobody Knows,The Lumineers,https://is3-ssl.mzstatic.com/image/thumb/Music20/v4/e7/6c/7b/e76c7b6e-15fa-a402-835e-033f6ac33fc4/UMG_cvrart_00050087349448_01_RGB72_1800x1800_16DMGIM07712.jpg/268x0w.jpg,1,5,5,50,10,"ğŸ’¿ Song Title: Nobody Knows
ğŸ¤ Artist: The Lumineers
ğŸ“: (5,1)"
Sweater Weather,The Neighbourhood,https://i.pinimg.com/736x/f4/8a/51/f48a516c37519cd18c75613f976507f8--music-search-the-neighbourhood.jpg,1,5,5,50,10,"ğŸ’¿ Song Title: Sweater Weather
ğŸ¤ Artist: The Neighbourhood
ğŸ“: (5,1)"
Riptide,Vance Joy,https://th.bing.com/th/id/OIP.V44oAqldCpe3s6j4A_CXIwHaHa?rs=1&pid=ImgDetMain,1,5,5,50,10,"ğŸ’¿ Song Title: Riptide
ğŸ¤ Artist: Vance Joy
ğŸ“: (5,1)"
Walking On A Dream,Empire of The Sun,https://is5-ssl.mzstatic.com/image/thumb/Music/v4/a7/81/48/a781480a-a439-b2dd-6474-5f77d2f7161a/source/1200x1200bb.jpg,1,5,5,50,10,"ğŸ’¿ Song Title: Walking On A Dream
ğŸ¤ Artist: Empire of The Sun
ğŸ“: (5,1)"
Put Your Records On,Corinne Bailey Rae,https://lastfm.freetls.fastly.net/i/u/ar0/52f1205e591943e89627b5a4511b24a0.jpg,2,10,5,50,20,"ğŸ’¿ Song Title: Put Your Records On
ğŸ¤ Artist: Corinne Bailey Rae
ğŸ“: (5,2)"
Dog Days Are Over,Florence + the Machine,https://th.bing.com/th/id/OIP.PI1sfrtdz8V7DK96ZFwGFgHaHa?rs=1&pid=ImgDetMain,1,5,5,50,10,"ğŸ’¿ Song Title: Dog Days Are Over
ğŸ¤ Artist: Florence + the Machine
ğŸ“: (5,1)"
Family Business,Lawrence,https://th.bing.com/th/id/OIP.OIlMxA2u60t2kspW1WGbaAAAAA?rs=1&pid=ImgDetMain,1,5,5,50,10,"ğŸ’¿ Song Title: Family Business
ğŸ¤ Artist: Lawrence
ğŸ“: (5,1)"
Human,Rag'n'Bone Man,https://media.s-bol.com/qJQD5y66DLk/1200x898.jpg,1,5,5,50,10,"ğŸ’¿ Song Title: Human
ğŸ¤ Artist: Rag'n'Bone Man
ğŸ“: (5,1)"
Budapest,George Ezra,https://th.bing.com/th/id/R.25a4ff14891ab355383d06f00054f83f?rik=bI97Zo2rZf%2b%2bwg&pid=ImgRaw&r=0,1,5,5,50,10,"ğŸ’¿ Song Title: Budapest
ğŸ¤ Artist: George Ezra
ğŸ“: (5,1)"
Too Sweet,Hozier,https://th.bing.com/th/id/OIP.bXaZJR7JrdIxZxlLv6A0bAHaHa?rs=1&pid=ImgDetMain,1,5,5,50,10,"ğŸ’¿ Song Title: Too Sweet
ğŸ¤ Artist: Hozier
ğŸ“: (5,1)"
"Good Luck, Babe!",Chappell Roan,https://th.bing.com/th/id/OIP.dOkZzI3I3Bu5NprgN58vEgHaHa?rs=1&pid=ImgDetMain,1,5,5,50,10,"ğŸ’¿ Song Title: Good Luck, Babe!
ğŸ¤ Artist: Chappell Roan
ğŸ“: (5,1)"
BIRDS OF A FEATHER,Billie Eilish,https://th.bing.com/th/id/OIP.pouGuJRtRzo_vShYPifApgHaHT?rs=1&pid=ImgDetMain,1,5,5,50,10,"ğŸ’¿ Song Title: BIRDS OF A FEATHER
ğŸ¤ Artist: Billie Eilish
ğŸ“: (5,1)"
Man! I Feel Like A Woman!,Shania Twain,https://i.pinimg.com/736x/4e/7f/09/4e7f090132b75efebd6202ae646296d2--come-on-over-feel-like.jpg,1,3,3,30,10,"ğŸ’¿ Song Title: Man! I Feel Like A Woman!
ğŸ¤ Artist: Shania Twain
ğŸ“: (3,1)"
Good Morning,Lady Gaga,https://t2.genius.com/unsafe/164x164/https%3A%2F%2Fimages.genius.com%2Fc3b5d1ffec289d1160291e470a442f83.1000x1000x1.png,1,3,3,30,10,"ğŸ’¿ Song Title: Good Morning
ğŸ¤ Artist: Lady Gaga
ğŸ“: (3,1)"
What Makes You Beautiful,One Direction,https://c2.staticflickr.com/8/7045/6935743493_1a61ce44b1_z.jpg,1,3,3,30,10,"ğŸ’¿ Song Title: What Makes You Beautiful
ğŸ¤ Artist: One Direction
ğŸ“: (3,1)"
The Lighthouse,Stevie Nicks,https://blogger.googleusercontent.com/img/b/R29vZ2xl/AVvXsEiStxB-MyhyphenhyphenkCz-MAEJc7tmRmbQ_MJCcHmuddcHWkFFCaB5Qq6HsE26-Vz98ygu-rbXwImcY0inw3EGpfcFtUB1HD30mBXyr8Q-u_vQHlB4dMhOVFRrs2XwPFNI62u7NDdIZTPuGSxTa_mvdNllh-3_9MYV8A9H10l5xUSU2Epcnisyase-w6oIpduJXKU/s320-rw/Stevie%20Nicks%20The%20Lighthouse.jpeg,1,3,3,30,10,"ğŸ’¿ Song Title: The Lighthouse
ğŸ¤ Artist: Stevie Nicks
ğŸ“: (3,1)"
Ego,Halsey,https://th.bing.com/th/id/OIP.hp1i5mVD6ptCSSguIqdU2wAAAA?rs=1&pid=ImgDetMain,1,3,3,30,10,"ğŸ’¿ Song Title: Ego
ğŸ¤ Artist: Halsey
ğŸ“: (3,1)"
Maria Maria,Santana & The Product G&B,https://th.bing.com/th/id/OIP.wYM7NlgOBfoU7XceuB_xxQAAAA?rs=1&pid=ImgDetMain,1,3,3,30,10,"ğŸ’¿ Song Title: Maria Maria
ğŸ¤ Artist: Santana & The Product G&B
ğŸ“: (3,1)"
Pretty Lies,Bazzi,https://images.genius.com/6c89cc2cd8730533165d684edd36d4b8.872x872x1.png,1,3,3,30,10,"ğŸ’¿ Song Title: Pretty Lies
ğŸ¤ Artist: Bazzi
ğŸ“: (3,1)"
Intentions,Justin Bieber,https://f4.bcbits.com/img/a4282832058_10.jpg,1,3,3,30,10,"ğŸ’¿ Song Title: Intentions
ğŸ¤ Artist: Justin Bieber
ğŸ“: (3,1)"
Pair Of Boots,Luke Bryan,https://is1-ssl.mzstatic.com/image/thumb/Music221/v4/78/da/e0/78dae0e1-5236-0ccf-23ad-14ffc8e37b43/24UMGIM60049.rgb.jpg/1200x1200bf-60.jpg,1,3,3,30,10,"ğŸ’¿ Song Title: Pair Of Boots
ğŸ¤ Artist: Luke Bryan
ğŸ“: (3,1)"
The Weather (Acoustic & Gospel Reprise),Lawrence,https://th.bing.com/th/id/OIP.bz1hU0i31kJoUrHwR-x2HQHaHa?rs=1&pid=ImgDetMain,1,3,3,30,10,"ğŸ’¿ Song Title: The Weather (Acoustic & Gospel Reprise)
ğŸ¤ Artist: Lawrence
ğŸ“: (3,1)"
Blow for Blow,Tee Grizzley & J. Cole,https://upload.wikimedia.org/wikipedia/en/9/9a/Tee_Grizzley_-_Blow_for_Blow.jpg,1,3,3,30,10,"ğŸ’¿ Song Title: Blow for Blow
ğŸ¤ Artist: Tee Grizzley & J. Cole
ğŸ“: (3,1)"
Cheerleader,OMI,https://th.bing.com/th/id/OIP.KE8QoqPqOP32OQPvPAo5JQHaHa?rs=1&pid=ImgDetMain,1,3,3,30,10,"ğŸ’¿ Song Title: Cheerleader
ğŸ¤ Artist: OMI
ğŸ“: (3,1)"
Playing God,Polyphia,https://th.bing.com/th/id/OIP.re4cSA8g2dwUY1PwGgScpwHaHa?rs=1&pid=ImgDetMain,1,3,3,30,10,"ğŸ’¿ Song Title: Playing God
ğŸ¤ Artist: Polyphia
ğŸ“: (3,1)"
Blue Sky & The Painter,Bastille,https://th.bing.com/th/id/OIP.JuCdSym19F4OhGa6WEjY2gHaG0?rs=1&pid=ImgDetMain,1,3,3,30,10,"ğŸ’¿ Song Title: Blue Sky & The Painter
ğŸ¤ Artist: Bastille
ğŸ“: (3,1)"
Lioness,Swedish House Mafia,https://th.bing.com/th/id/OIP.OAOGpPRx6x8CrliEQqGSXQAAAA?rs=1&pid=ImgDetMain,1,3,3,30,10,"ğŸ’¿ Song Title: Lioness
ğŸ¤ Artist: Swedish House Mafia
ğŸ“: (3,1)"
Genie In A Bottle,Christina Aguilera,https://th.bing.com/th/id/R.ddf8449b419db4a7e180d03ebf4ce388?rik=bXQx%2bZpjAtnvIg&riu=http%3a%2f%2fwww.allbum.it%2fimages%2fchristina-aguilera-genie-in-a-bottle-1.jpg&ehk=Y7KLlX%2bKChB9H3CyLClsfteM8w%2bONItBXZU9RUGZB9Y%3d&risl=&pid=ImgRaw&r=0,1,3,3,30,10,"ğŸ’¿ Song Title: Genie In A Bottle
ğŸ¤ Artist: Christina Aguilera
ğŸ“: (3,1)"
Sucker,Jonas Brothers,https://th.bing.com/th/id/OIP.6J4HzgNRNjatTEtId2xcJQHaHa?rs=1&pid=ImgDetMain,1,3,3,30,10,"ğŸ’¿ Song Title: Sucker
ğŸ¤ Artist: Jonas Brothers
ğŸ“: (3,1)"
Nosey,DDG & G Herbo,https://t2.genius.com/unsafe/164x164/https%3A%2F%2Fimages.genius.com%2F981f74bf2222c73f8df4e5136e0971f6.1000x1000x1.jpg,1,3,3,30,10,"ğŸ’¿ Song Title: Nosey
ğŸ¤ Artist: DDG & G Herbo
ğŸ“: (3,1)"
Want To Want Me,Jason Derulo,https://th.bing.com/th/id/R.4015294494d90281fb1abb62c660c372?rik=p6SKNtBxgvrPpA&riu=http%3a%2f%2fpopsoap.it%2fwp-content%2fuploads%2f2015%2f03%2fJason-Derulo-cover-singolo.jpg&ehk=tz7vv7QBRVY0wGGLY%2fHaHJksOXqK2nPFdY%2fho3nFE6k%3d&risl=&pid=ImgRaw&r=0,1,3,3,30,10,"ğŸ’¿ Song Title: Want To Want Me
ğŸ¤ Artist: Jason Derulo
ğŸ“: (3,1)"
Levels,Nick Jonas,https://spatel1305.files.wordpress.com/2015/08/nick-jonas-levels-cover-art-cropped-sexy-leather-jacket.jpg,1,3,3,30,10,"ğŸ’¿ Song Title: Levels
ğŸ¤ Artist: Nick Jonas
ğŸ“: (3,1)"
Gooey,Glass Animals,https://th.bing.com/th/id/OIP.XKqgXZZ95jNuxhQoT4jQlAHaHj?rs=1&pid=ImgDetMain,1,3,3,30,10,"ğŸ’¿ Song Title: Gooey
ğŸ¤ Artist: Glass Animals
ğŸ“: (3,1)"
Afters,Elderbrook,https://th.bing.com/th/id/OIP.figqtRy0mGeHAj4V50SBeQHaHa?rs=1&pid=ImgDetMain,1,3,3,30,10,"ğŸ’¿ Song Title: Afters
ğŸ¤ Artist: Elderbrook
ğŸ“: (3,1)"
Everybody,Spencer Sutherland,https://th.bing.com/th/id/OIP.ZcQ4jGiMIpPuSB58Orsv4gHaHa?rs=1&pid=ImgDetMain,1,3,3,30,10,"ğŸ’¿ Song Title: Everybody
ğŸ¤ Artist: Spencer Sutherland
ğŸ“: (3,1)"
Beautiful,Bazzi & Camila Cabello,https://is1-ssl.mzstatic.com/image/thumb/Music124/v4/9c/a1/54/9ca1544e-7de5-2f42-62b8-10fc6c082b27/075679864895.jpg/1200x1200bf-60.jpg,1,3,3,30,10,"ğŸ’¿ Song Title: Beautiful
ğŸ¤ Artist: Bazzi & Camila Cabello
ğŸ“: (3,1)"
Lights Camera Action,Kylie Minogue,https://thatgrapejuice.net/wp-content/uploads/2024/09/Kylie-Minogue-Tension-II-2-tgj.jpg,1,3,3,30,10,"ğŸ’¿ Song Title: Lights Camera Action
ğŸ¤ Artist: Kylie Minogue
ğŸ“: (3,1)"
Smokin Out The Window,"Bruno Mars, Anderson .Paak, Silk Sonic",https://m.media-amazon.com/images/I/61-v4KvjnRL._SX300_SY300_QL70_FMwebp_.jpg,1,3,3,30,10,"ğŸ’¿ Song Title: Smokin Out The Window
ğŸ¤ Artist: Bruno Mars, Anderson .Paak, Silk Sonic
ğŸ“: (3,1)"
deadrose,Unprocessed,https://th.bing.com/th/id/R.0fbc683b948c3dc79b12ce57238c1251?rik=moxL6SeCOYnGeA&pid=ImgRaw&r=0,1,3,3,30,10,"ğŸ’¿ Song Title: deadrose
ğŸ¤ Artist: Unprocessed
ğŸ“: (3,1)"
Forever,Chris Brown,https://images.genius.com/d2bde162064a1bae480b830be019dfed.1000x1000x1.jpg,1,3,3,30,10,"ğŸ’¿ Song Title: Forever
ğŸ¤ Artist: Chris Brown
ğŸ“: (3,1)"
"1, 2 Step",Ciara & Missy Elliott,https://th.bing.com/th/id/R.e258bb60146de6c37d1291a69b03d6c5?rik=CDToLJL0X34zeA&pid=ImgRaw&r=0,1,3,3,30,10,"ğŸ’¿ Song Title: 1, 2 Step
ğŸ¤ Artist: Ciara & Missy Elliott
ğŸ“: (3,1)"
Marry You,Bruno Mars,https://1.bp.blogspot.com/-omKgHaHqTmw/VkGFHRNvuaI/AAAAAAAAJTo/xcDSgUng_co/s1600/Bruno%2BMars%2B-%2BMarry%2BYou%2B-%2B%2528Promo%2BDigital%2BSingle%2529%2B-%2B%2528Lp%2BCover%2529-djnastyboy.blogspot.com.jpg,1,4,4,40,10,"ğŸ’¿ Song Title: Marry You
ğŸ¤ Artist: Bruno Mars
ğŸ“: (4,1)"
C'Mon,Kesha,https://th.bing.com/th/id/OIP.FLC4KdNrT8muTXnLJLtvtQHaHa?rs=1&pid=ImgDetMain,1,4,4,40,10,"ğŸ’¿ Song Title: C'Mon
ğŸ¤ Artist: Kesha
ğŸ“: (4,1)"
One Time,Justin Bieber,https://images.genius.com/073a663667e62572347088a35312123a.1000x1000x1.jpg,1,4,4,40,10,"ğŸ’¿ Song Title: One Time
ğŸ¤ Artist: Justin Bieber
ğŸ“: (4,1)"
Time of Our Lives,Ne-Yo & Pitbull,https://images.rapgenius.com/f0650ca0939a21e741d343c7e9f3117d.600x600x1.jpg,1,4,4,40,10,"ğŸ’¿ Song Title: Time of Our Lives
ğŸ¤ Artist: Ne-Yo & Pitbull
ğŸ“: (4,1)"
You're Hired (feat. Ayra Starr),NEIKED & Ayra Starr,https://th.bing.com/th/id/OIP.YxVltlYBRJhVCmfGvuWFcwHaHa?rs=1&pid=ImgDetMain,1,4,4,40,10,"ğŸ’¿ Song Title: You're Hired (feat. Ayra Starr)
ğŸ¤ Artist: NEIKED & Ayra Starr
ğŸ“: (4,1)"
Girls Like You,Maroon 5 & Cardi B,https://is1-ssl.mzstatic.com/image/thumb/Music125/v4/1a/7e/42/1a7e428a-4449-b613-46c3-5fa75d83047a/00602567702023.rgb.jpg/1200x1200bf-60.jpg,1,4,4,40,10,"ğŸ’¿ Song Title: Girls Like You
ğŸ¤ Artist: Maroon 5 & Cardi B
ğŸ“: (4,1)"
Magic (feat. Rivers Cuomo),B.o.B and Rivers Cuomo,https://is5-ssl.mzstatic.com/image/thumb/Music115/v4/bc/f8/ed/bcf8ed12-42b0-b50f-9dab-e9124d26137a/mzi.rklkakdk.jpg/1200x1200bf-60.jpg,1,4,4,40,10,"ğŸ’¿ Song Title: Magic (feat. Rivers Cuomo)
ğŸ¤ Artist: B.o.B and Rivers Cuomo
ğŸ“: (4,1)"
As Long As You Love Me,Justin Bieber,https://th.bing.com/th/id/OIP.W5KshJxgivcW-uYGt3IeZwHaHa?rs=1&pid=ImgDetMain,1,4,4,40,10,"ğŸ’¿ Song Title: As Long As You Love Me
ğŸ¤ Artist: Justin Bieber
ğŸ“: (4,1)"
Money Make Her Smile,Bruno Mars,https://target.scene7.com/is/image/Target/GUEST_83d7933b-46eb-4e23-80d8-1b3351d9f2f8?wid=400&hei=400&qlt=80&fmt=webp,1,4,4,40,10,"ğŸ’¿ Song Title: Money Make Her Smile
ğŸ¤ Artist: Bruno Mars
ğŸ“: (4,1)"
Replay,Iyaz,https://th.bing.com/th/id/R.57feab97b277ac400a89cf50d1724999?rik=h%2f0mfSjfDWuc7A&riu=http%3a%2f%2fis3.mzstatic.com%2fimage%2fthumb%2fMusic%2fv4%2f9c%2ff8%2f6a%2f9cf86a81-55bb-1738-f62e-b69fcae303bc%2fsource%2f600x600bb.jpg&ehk=VCsp9fJLZgaaGPykB4qt6%2fMCSEJB18PnoXvcg2f7WKw%3d&risl=&pid=ImgRaw&r=0,2,8,4,40,20,"ğŸ’¿ Song Title: Replay
ğŸ¤ Artist: Iyaz
ğŸ“: (4,2)"
You Da One,Rihanna,https://th.bing.com/th/id/OIP.aowzVAj4RtZrkxZEymlD8gHaHa?rs=1&pid=ImgDetMain,1,4,4,40,10,"ğŸ’¿ Song Title: You Da One
ğŸ¤ Artist: Rihanna
ğŸ“: (4,1)"
Don't Wanna Know,Maroon 5 & Kendrick Lamar,https://th.bing.com/th/id/R.7ecdfc7f7501e403757f8b1ac9db3104?rik=q8HBdK5B6jS7pA&riu=http%3a%2f%2fs3.amazonaws.com%2fhiphopdx-production%2f2016%2f10%2fMaroon-5-f.-Kendrick-Lamar-Dont-Wanna-Know-696x696.jpg&ehk=hdY13VNdZv4SlKPfjuL%2f%2fjtaEHZPrvzHeOj%2bck5Q014%3d&risl=&pid=ImgRaw&r=0,1,4,4,40,10,"ğŸ’¿ Song Title: Don't Wanna Know
ğŸ¤ Artist: Maroon 5 & Kendrick Lamar
ğŸ“: (4,1)"
The Other Side,"Bruno Mars, CeeLo Green, B.o.B",https://1.bp.blogspot.com/-omKgHaHqTmw/VkGFHRNvuaI/AAAAAAAAJTo/xcDSgUng_co/s1600/Bruno%2BMars%2B-%2BMarry%2BYou%2B-%2B%2528Promo%2BDigital%2BSingle%2529%2B-%2B%2528Lp%2BCover%2529-djnastyboy.blogspot.com.jpg,2,8,4,40,20,"ğŸ’¿ Song Title: The Other Side
ğŸ¤ Artist: Bruno Mars, CeeLo Green, B.o.B
ğŸ“: (4,2)"
One Last Time,Ariana Grande,https://is1-ssl.mzstatic.com/image/thumb/Music124/v4/b6/77/0b/b6770b2a-abef-8be4-e2ed-cba1bd5a2f0c/00602557769692.rgb.jpg/1200x1200bf-60.jpg,1,4,4,40,10,"ğŸ’¿ Song Title: One Last Time
ğŸ¤ Artist: Ariana Grande
ğŸ“: (4,1)"
Troublemaker,Olly Murs,https://th.bing.com/th/id/R.96454f4afac5e0c940604904d2407993?rik=8GzXrqh%2bDpzLMA&riu=http%3a%2f%2ffarm9.staticflickr.com%2f8454%2f8049530388_b6b18ecddc_z.jpg&ehk=8OG8tsg19atH8kafQzbglFFYKPTPZ9MRlWt9jLoVz48%3d&risl=&pid=ImgRaw&r=0,1,4,4,40,10,"ğŸ’¿ Song Title: Troublemaker
ğŸ¤ Artist: Olly Murs
ğŸ“: (4,1)"
Casualty,Lawrence,https://th.bing.com/th/id/OIP.D_dqiEPOVf7UIpmKlrRT8wHaHa?rs=1&pid=ImgDetMain,1,4,4,40,10,"ğŸ’¿ Song Title: Casualty
ğŸ¤ Artist: Lawrence
ğŸ“: (4,1)"
Grenade,Bruno Mars,https://images-na.ssl-images-amazon.com/images/I/81c-XgX-g7L._SL1425_.jpg,1,4,4,40,10,"ğŸ’¿ Song Title: Grenade
ğŸ¤ Artist: Bruno Mars
ğŸ“: (4,1)"
Payphone,Maroon 5,https://th.bing.com/th/id/R.281fa4d6bd8ab22d1d99b4980568e126?rik=uelULaRpxihHQQ&pid=ImgRaw&r=0&sres=1&sresct=1,1,4,4,40,10,"ğŸ’¿ Song Title: Payphone
ğŸ¤ Artist: Maroon 5
ğŸ“: (4,1)"
i'm confident that i'm insecure,Lawrence,https://th.bing.com/th/id/OIP.wpNHXF4aZpgOSmBojFLv5QHaHa?rs=1&pid=ImgDetMain,1,4,4,40,10,"ğŸ’¿ Song Title: i'm confident that i'm insecure
ğŸ¤ Artist: Lawrence
ğŸ“: (4,1)"
Good Girls Go Bad,Leighton Meester & Cobra Starship,https://th.bing.com/th/id/R.ae5cc48f0c0e5e042deabdb8ef9dec86?rik=BW1X5jJw6uhRhg&riu=http%3a%2f%2fwww.thesource4ym.com%2fimages%2fiicor45%2f485225606678-cobra_starship.png&ehk=9wtjgyds8SxQ8mBJRrM7SRedmRZwST6xSgzuJ1Fwt%2fs%3d&risl=&pid=ImgRaw&r=0,1,4,4,40,10,"ğŸ’¿ Song Title: Good Girls Go Bad
ğŸ¤ Artist: Leighton Meester & Cobra Starship
ğŸ“: (4,1)"
Locked out of Heaven,Bruno Mars,https://target.scene7.com/is/image/Target/GUEST_83d7933b-46eb-4e23-80d8-1b3351d9f2f8?wid=400&hei=400&qlt=80&fmt=webp,1,4,4,40,10,"ğŸ’¿ Song Title: Locked out of Heaven
ğŸ¤ Artist: Bruno Mars
ğŸ“: (4,1)"
Say You're Just a Friend,Austin Mahone & Flo Rida,https://images.rapgenius.com/62c40519d2e9675268bc8cb007c698c2.1000x1000x1.jpg,1,4,4,40,10,"ğŸ’¿ Song Title: Say You're Just a Friend
ğŸ¤ Artist: Austin Mahone & Flo Rida
ğŸ“: (4,1)"
Whatcha Want,Beastie Boys,https://img.discogs.com/Gz0mBkYtnSxREKdyrCrqMUMI8Ig=/fit-in/600x600/filters:strip_icc():format(jpeg):mode_rgb():quality(90)/discogs-images/R-200399-1375645307-6640.jpeg.jpg,1,4,4,40,10,"ğŸ’¿ Song Title: Whatcha Want
ğŸ¤ Artist: Beastie Boys
ğŸ“: (4,1)"
What Lovers Do,Maroon 5 & SZA,https://th.bing.com/th/id/OIP.HJI08OlshbmpfyXIfZdvjAHaHa?rs=1&pid=ImgDetMain,1,4,4,40,10,"ğŸ’¿ Song Title: What Lovers Do
ğŸ¤ Artist: Maroon 5 & SZA
ğŸ“: (4,1)"
23 (acoustic-ish),Lawrence,https://is1-ssl.mzstatic.com/image/thumb/Music116/v4/d2/a5/db/d2a5dbda-a634-4e01-0fdc-aab4421149a8/193436364072_AcousticishCover.jpg/1200x1200bf-60.jpg,1,4,4,40,10,"ğŸ’¿ Song Title: 23 (acoustic-ish)
ğŸ¤ Artist: Lawrence
ğŸ“: (4,1)"
Finesse,Bruno Mars,https://iscale.iheart.com/catalog/album/55029693,3,14,4.666666667,46.66666667,30,"ğŸ’¿ Song Title: Finesse
ğŸ¤ Artist: Bruno Mars
ğŸ“: (4.66666666666667,3)"
Pocketful of Sunshine,Natasha Bedingfield,https://th.bing.com/th/id/OIP.Fz0rUvEfFQNvQz8JyeaFKQHaHi?rs=1&pid=ImgDetMain,1,4,4,40,10,"ğŸ’¿ Song Title: Pocketful of Sunshine
ğŸ¤ Artist: Natasha Bedingfield
ğŸ“: (4,1)"
Freckles,Lawrence,https://i.pinimg.com/736x/27/2a/6d/272a6dc4d09b9a63b64b7d74df061297.jpg ,2,8,4,40,20,"ğŸ’¿ Song Title: Freckles
ğŸ¤ Artist: Lawrence
ğŸ“: (4,2)"
Trumpets,Jason Derulo,https://th.bing.com/th/id/OIP.uf22KzwAWAyRoprPWnWK-QAAAA?rs=1&pid=ImgDetMain,1,4,4,40,10,"ğŸ’¿ Song Title: Trumpets
ğŸ¤ Artist: Jason Derulo
ğŸ“: (4,1)"
It's Not All About You,Lawrence,https://images.genius.com/b1333122fe91649d1a8c66e261fbee0a.1000x1000x1.jpg,1,4,4,40,10,"ğŸ’¿ Song Title: It's Not All About You
ğŸ¤ Artist: Lawrence
ğŸ“: (4,1)"
Bright Lights Bigger City,CeeLo Green,https://th.bing.com/th/id/OIP.CjXaAKoTz5dfOWPqoZpnhQHaHa?rs=1&pid=ImgDetMain,2,8,4,40,20,"ğŸ’¿ Song Title: Bright Lights Bigger City
ğŸ¤ Artist: CeeLo Green
ğŸ“: (4,2)"
September,"Earth, Wind & Fire",https://th.bing.com/th/id/R.ba0114aaa26b7117f4c5de0aacfc65cf?rik=2Q5fv6qO4P9iyA&pid=ImgRaw&r=0,2,8,4,40,20,"ğŸ’¿ Song Title: September
ğŸ¤ Artist: Earth, Wind & Fire
ğŸ“: (4,2)"
Maps,Maroon 5,"https://m.media-amazon.com/images/I/A1-j3IIiyIL._UF1000,1000_QL80_.jpg",1,6,6,60,10,"ğŸ’¿ Song Title: Maps
ğŸ¤ Artist: Maroon 5
ğŸ“: (6,1)"
Down,Jay Sean,https://th.bing.com/th/id/OIP.FZJowsLWkdFNfs1NWmkjzQAAAA?rs=1&pid=ImgDetMain,1,6,6,60,10,"ğŸ’¿ Song Title: Down
ğŸ¤ Artist: Jay Sean
ğŸ“: (6,1)"
Make A Move,Lawrence,https://th.bing.com/th/id/OIP.W4GcLs6epNTcB5QLNKLaBQHaHa?rs=1&pid=ImgDetMain,1,6,6,60,10,"ğŸ’¿ Song Title: Make A Move
ğŸ¤ Artist: Lawrence
ğŸ“: (6,1)"
Glamorous,Fergie,https://th.bing.com/th/id/OIP.U9zD6s9lzw29xGnhbqwq5QHaHa?rs=1&pid=ImgDetMain,1,6,6,60,10,"ğŸ’¿ Song Title: Glamorous
ğŸ¤ Artist: Fergie
ğŸ“: (6,1)"
SUPERBLOOM,MisterWives,https://th.bing.com/th/id/R.daee3a2a1c5aceaa0dbc229de1d8a7d0?rik=tJ%2bGgrCOI1tevw&pid=ImgRaw&r=0,1,6,6,60,10,"ğŸ’¿ Song Title: SUPERBLOOM
ğŸ¤ Artist: MisterWives
ğŸ“: (6,1)"
No Lie,Sean Paul,https://th.bing.com/th/id/OIP.t_XloF-c8aVHZjhpO2NAsQHaHa?rs=1&pid=ImgDetMain,1,6,6,60,10,"ğŸ’¿ Song Title: No Lie
ğŸ¤ Artist: Sean Paul
ğŸ“: (6,1)"
Nothin' on You (feat. Bruno Mars),B.o.B,https://th.bing.com/th/id/OIP.5Apt-NPIWvoUJfL4PlBrNwHaGs?rs=1&pid=ImgDetMain,1,6,6,60,10,"ğŸ’¿ Song Title: Nothin' on You (feat. Bruno Mars)
ğŸ¤ Artist: B.o.B
ğŸ“: (6,1)"
Misery,Maroon 5,https://img.discogs.com/nQAELfNtaIHnUKD3vHciPpKcKMI=/fit-in/600x600/filters:strip_icc():format(jpeg):mode_rgb():quality(90)/discogs-images/R-2505859-1289684355.jpeg.jpg,1,6,6,60,10,"ğŸ’¿ Song Title: Misery
ğŸ¤ Artist: Maroon 5
ğŸ“: (6,1)"
Rocketeer,Far East Movement,https://th.bing.com/th/id/OIP.lhxHY39a-mXNCzCv6ns_6AAAAA?rs=1&pid=ImgDetMain,1,6,6,60,10,"ğŸ’¿ Song Title: Rocketeer
ğŸ¤ Artist: Far East Movement
ğŸ“: (6,1)"
decide to be happy,MisterWives,https://th.bing.com/th/id/R.daee3a2a1c5aceaa0dbc229de1d8a7d0?rik=tJ%2bGgrCOI1tevw&pid=ImgRaw&r=0,1,6,6,60,10,"ğŸ’¿ Song Title: decide to be happy
ğŸ¤ Artist: MisterWives
ğŸ“: (6,1)"
We R Who We R,Kesha,https://th.bing.com/th/id/R.a4ecc6887a3433e9cc0131c3bfce24d3?rik=7SfHxjm35Q%2fGxg&riu=http%3a%2f%2fstarcasm.net%2fwp-content%2fuploads%2f2010%2f10%2fKesha_WeRWhoWeR.jpg&ehk=VJ%2fIB%2fM2vdLy0H1%2bIVo19lVAQWzYvVa3SoNAARUw48I%3d&risl=&pid=ImgRaw&r=0,1,6,6,60,10,"ğŸ’¿ Song Title: We R Who We R
ğŸ¤ Artist: Kesha
ğŸ“: (6,1)"
MONEY,LISA,https://th.bing.com/th/id/OIP.JDkelyEmnzVAjvFLH0RnxAHaHa?rs=1&pid=ImgDetMain,1,6,6,60,10,"ğŸ’¿ Song Title: MONEY
ğŸ¤ Artist: LISA
ğŸ“: (6,1)"
Guy I Used To Be,Lawrence,https://is1-ssl.mzstatic.com/image/thumb/Music211/v4/87/42/0f/87420f3e-cf44-8497-8765-d0f2e483dfc4/193436376044_GIUTB.jpg/1200x1200bf-60.jpg,1,6,6,60,10,"ğŸ’¿ Song Title: Guy I Used To Be
ğŸ¤ Artist: Lawrence
ğŸ“: (6,1)"
Treasure,Bruno Mars,https://target.scene7.com/is/image/Target/GUEST_83d7933b-46eb-4e23-80d8-1b3351d9f2f8?wid=400&hei=400&qlt=80&fmt=webp,1,6,6,60,10,"ğŸ’¿ Song Title: Treasure
ğŸ¤ Artist: Bruno Mars
ğŸ“: (6,1)"
Goose,Polyphia,https://is1-ssl.mzstatic.com/image/thumb/Music124/v4/5a/7a/1d/5a7a1d5d-1692-a711-975b-ca07763acfe5/859721867894_cover.jpg/1200x1200bf-60.jpg,2,10,5,50,20,"ğŸ’¿ Song Title: Goose
ğŸ¤ Artist: Polyphia
ğŸ“: (5,2)"
Ego Death,Polyphia,https://th.bing.com/th/id/OIP.4KTeCkRbK9JGe_7cbM1xxwHaHa?rs=1&pid=ImgDetMain,2,10,5,50,20,"ğŸ’¿ Song Title: Ego Death
ğŸ¤ Artist: Polyphia
ğŸ“: (5,2)"
Tummy Hurts,ReneÃ© Rapp,https://th.bing.com/th/id/OIP.fnkYeTVYwxb9CzSllBc3rgHaHa?rs=1&pid=ImgDetMain,2,10,5,50,20,"ğŸ’¿ Song Title: Tummy Hurts
ğŸ¤ Artist: ReneÃ© Rapp
ğŸ“: (5,2)"
Take A Bow,Rihanna,https://lyricsfa.com/wp-content/uploads/2021/07/Rihanna-Take-A-Bow-Lyrics.jpg,1,6,6,60,10,"ğŸ’¿ Song Title: Take A Bow
ğŸ¤ Artist: Rihanna
ğŸ“: (6,1)"
Rude,MAGIC!,https://th.bing.com/th/id/R.fa5b0d50e75d599e8567fe5d6caeedd6?rik=6hEGTOpMCwxD2w&riu=http%3a%2f%2fimages.genius.com%2f97f929550e40115e09aa3881149bd46f.220x220x1.jpg&ehk=RbUUHirXF%2bxHSrdQH%2bjuPfTQG5OzgJ816jUY6UD2%2fJU%3d&risl=&pid=ImgRaw&r=0,1,6,6,60,10,"ğŸ’¿ Song Title: Rude
ğŸ¤ Artist: MAGIC!
ğŸ“: (6,1)"
Happy Now,Zedd & Elley DuhÃ©,https://th.bing.com/th/id/OIP.9Yv8rxDxBuYKyFbRs3jMlQHaHa?rs=1&pid=ImgDetMain,1,6,6,60,10,"ğŸ’¿ Song Title: Happy Now
ğŸ¤ Artist: Zedd & Elley DuhÃ©
ğŸ“: (6,1)"
The Worst,Polyphia,https://is1-ssl.mzstatic.com/image/thumb/Music124/v4/5a/7a/1d/5a7a1d5d-1692-a711-975b-ca07763acfe5/859721867894_cover.jpg/1200x1200bf-60.jpg,2,10,5,50,20,"ğŸ’¿ Song Title: The Worst
ğŸ¤ Artist: Polyphia
ğŸ“: (5,2)"
Saucy,Polyphia,https://is1-ssl.mzstatic.com/image/thumb/Music124/v4/57/5c/00/575c009a-6d69-6ac4-7c91-7e307d920279/794558040969.jpg/1200x1200bf-60.jpg,1,4,4,40,10,"ğŸ’¿ Song Title: Saucy
ğŸ¤ Artist: Polyphia
ğŸ“: (4,1)"
Loud,Polyphia,https://preview.redd.it/has-anyone-ever-noticed-that-tims-tats-look-like-the-album-v0-vvq549jl4wga1.jpg?auto=webp&s=7cd47cb164f626220525c670a1cb335667a1fb38,1,4,4,40,10,"ğŸ’¿ Song Title: Loud
ğŸ¤ Artist: Polyphia
ğŸ“: (4,1)"
Nightmare,Polyphia,https://preview.redd.it/has-anyone-ever-noticed-that-tims-tats-look-like-the-album-v0-vvq549jl4wga1.jpg?auto=webp&s=7cd47cb164f626220525c670a1cb335667a1fb38,1,4,4,40,10,"ğŸ’¿ Song Title: Nightmare
ğŸ¤ Artist: Polyphia
ğŸ“: (4,1)"
Racing into the Night,YOASOBI,https://img.discogs.com/QE8fhBvkchT2G6HY5eSgNwm_Drw=/fit-in/300x300/filters:strip_icc():format(jpeg):mode_rgb():quality(40)/discogs-images/R-16087291-1603203469-1159.jpeg.jpg,1,4,4,40,10,"ğŸ’¿ Song Title: Racing into the Night
ğŸ¤ Artist: YOASOBI
ğŸ“: (4,1)"
Club Nebula,Snail's House,https://i.ytimg.com/vi/OF3iMCw8gKo/maxresdefault.jpg?sqp=-oaymwEmCIAKENAF8quKqQMa8AEB-AH-CYAC0AWKAgwIABABGBMgWyh_MA8=&rs=AOn4CLCSJadogIhdL9X_5SReV3DRu3S6Tg,1,4,4,40,10,"ğŸ’¿ Song Title: Club Nebula
ğŸ¤ Artist: Snail's House
ğŸ“: (4,1)"
G.O.A.T.,Polyphia,https://th.bing.com/th/id/OIP.A-mQU2AUVnhEwcwj9C7UBAHaHa?rs=1&pid=ImgDetMain,1,4,4,40,10,"ğŸ’¿ Song Title: G.O.A.T.
ğŸ¤ Artist: Polyphia
ğŸ“: (4,1)"
Neurotica,Polyphia,https://th.bing.com/th/id/OIP.azFJlWroKA-OcYUVTZ60ewHaHa?rs=1&pid=ImgDetMain,1,4,4,40,10,"ğŸ’¿ Song Title: Neurotica
ğŸ¤ Artist: Polyphia
ğŸ“: (4,1)"
Reverie,Polyphia,https://th.bing.com/th/id/OIP.azFJlWroKA-OcYUVTZ60ewHaHa?rs=1&pid=ImgDetMain,1,4,4,40,10,"ğŸ’¿ Song Title: Reverie
ğŸ¤ Artist: Polyphia
ğŸ“: (4,1)"
Tango,Abir,https://th.bing.com/th/id/R.997ef0921ab0607f1948e6dac2d4b70a?rik=KdWLJcZO5qyxcw&pid=ImgRaw&r=0,1,4,4,40,10,"ğŸ’¿ Song Title: Tango
ğŸ¤ Artist: Abir
ğŸ“: (4,1)"
Feels,Calvin Harris & Pharrell Williams & Katy Perry,https://th.bing.com/th/id/R.3117d0650de1a2d478dde39f54d8aaa5?rik=nhs%2fL7MzPznHfQ&pid=ImgRaw&r=0,1,4,4,40,10,"ğŸ’¿ Song Title: Feels
ğŸ¤ Artist: Calvin Harris & Pharrell Williams & Katy Perry
ğŸ“: (4,1)"
Makes Me Wonder,Maroon 5,https://images.genius.com/b4540800e49e1be94160165798f2dfd5.1000x1000x1.jpg,1,4,4,40,10,"ğŸ’¿ Song Title: Makes Me Wonder
ğŸ¤ Artist: Maroon 5
ğŸ“: (4,1)"
Love Never Felt So Good,Michael Jackson & Justin Timberlake,https://th.bing.com/th/id/R.e3366ae06ceae23ead70035f114f56c0?rik=PPPnUrMVNebO3w&riu=http%3a%2f%2fhiphop-n-more.com%2fwp-content%2fuploads%2f2014%2f05%2flove-never-felt-so-good.jpg&ehk=8xZ9N6VbQ3tKccKZJkIEOLN%2b%2bdQnu6Myn9kBhn0fwDY%3d&risl=&pid=ImgRaw&r=0,1,4,4,40,10,"ğŸ’¿ Song Title: Love Never Felt So Good
ğŸ¤ Artist: Michael Jackson & Justin Timberlake
ğŸ“: (4,1)"
Work,Fifth Harmony,https://th.bing.com/th/id/R.b2870245192a01aa10b93550f272e8ee?rik=bfeStkKdHL37Qw&riu=http%3a%2f%2fheadlineplanet.com%2fhome%2fwp-content%2fuploads%2f2016%2f02%2fFifth-Harmony-Album-Cover.jpg&ehk=xL7QvHtFG8DgOnp21uUA9gHCAy8M1%2f8vtjXVZ57OEtE%3d&risl=&pid=ImgRaw&r=0,1,4,4,40,10,"ğŸ’¿ Song Title: Work
ğŸ¤ Artist: Fifth Harmony
ğŸ“: (4,1)"
Hurricane,Bridgit Mendler,https://i.scdn.co/image/6d982b80f053cc58d4e76ffc105d2f7b19b6e200,1,4,4,40,10,"ğŸ’¿ Song Title: Hurricane
ğŸ¤ Artist: Bridgit Mendler
ğŸ“: (4,1)"
No Diggity,"Blackstreet, Dr.Dre, Queen Pen",https://th.bing.com/th/id/R.a32400e91d04f168668591bf89ff7e39?rik=Q4ZMb%2bg0NykCHw&riu=http%3a%2f%2f1.bp.blogspot.com%2f-aPDL54SB1tM%2fTyuXKB_T08I%2fAAAAAAAAHuc%2fbYdnuU89jkg%2fs1600%2f1.JPG&ehk=EHU3n5W14g8hFhRyg4CWt51p%2b5LJ4v9UyzjTdrECG9g%3d&risl=&pid=ImgRaw&r=0,1,4,4,40,10,"ğŸ’¿ Song Title: No Diggity
ğŸ¤ Artist: Blackstreet, Dr.Dre, Queen Pen
ğŸ“: (4,1)"